<manifest><control namespace="MSKCC" constructor="checklistv1" version="0.0.1" display-name-key="checklistv1" description-key="checklistv1 description" control-type="standard" api-version="1.3.4"><type-group name="strings"><type>SingleLine.Text</type><type>SingleLine.Email</type><type>SingleLine.Phone</type><type>SingleLine.TextArea</type><type>SingleLine.Ticker</type><type>SingleLine.URL</type><type>Multiple</type></type-group><type-group name="dates"><type>DateAndTime.DateAndTime</type><type>DateAndTime.DateOnly</type></type-group><type-group name="numbers"><type>Whole.None</type><type>Currency</type><type>FP</type><type>Decimal</type></type-group><external-service-usage enabled="false" /><data-set name="sampleDataSet" display-name-key="Dataset_Display_Key" /><resources><code path="bundle.js" order="1" /></resources><feature-usage><uses-feature name="Utility" required="true" /><uses-feature name="WebAPI" required="true" /></feature-usage><built-by name="pac" version="1.14.4" /></control></manifest>