{
  "properties": {
    "connectionReferences": {
      "shared_commondataserviceforapps": {
        "runtimeSource": "embedded",
        "connection": {
          "connectionReferenceLogicalName": "new_sharedcommondataserviceforapps_cad34"
        },
        "api": {
          "name": "shared_commondataserviceforapps"
        }
      }
    },
    "definition": {
      "$schema": "https://schema.management.azure.com/providers/Microsoft.Logic/schemas/2016-06-01/workflowdefinition.json#",
      "contentVersion": "1.0.0.0",
      "parameters": {
        "$connections": {
          "defaultValue": {},
          "type": "Object"
        },
        "$authentication": {
          "defaultValue": {},
          "type": "SecureObject"
        }
      },
      "triggers": {
        "When_a_row_is_added,_modified_or_deleted": {
          "metadata": {
            "operationMetadataId": "095ba4d2-9cc6-4856-a699-678c64616e6a"
          },
          "type": "OpenApiConnectionWebhook",
          "inputs": {
            "host": {
              "connectionName": "shared_commondataserviceforapps",
              "operationId": "SubscribeWebhookTrigger",
              "apiId": "/providers/Microsoft.PowerApps/apis/shared_commondataserviceforapps"
            },
            "parameters": {
              "subscriptionRequest/message": 4,
              "subscriptionRequest/entityname": "xix_checklistsection",
              "subscriptionRequest/scope": 4
            },
            "authentication": "@parameters('$authentication')"
          }
        }
      },
      "actions": {
        "Check_if_it_has_Template": {
          "actions": {
            "Get_Questions": {
              "runAfter": {},
              "metadata": {
                "operationMetadataId": "64f18801-4a7f-45a1-90c5-a00219620ad1"
              },
              "type": "OpenApiConnection",
              "inputs": {
                "host": {
                  "connectionName": "shared_commondataserviceforapps",
                  "operationId": "ListRecords",
                  "apiId": "/providers/Microsoft.PowerApps/apis/shared_commondataserviceforapps"
                },
                "parameters": {
                  "entityName": "xix_questions",
                  "$filter": "(_xix_checklistsection_value eq @{triggerOutputs()?['body/_xix_sectionteamplate_value']})"
                },
                "authentication": "@parameters('$authentication')"
              }
            },
            "If_there_are_Questions": {
              "actions": {
                "Apply_to_each_Question": {
                  "foreach": "@outputs('Get_Questions')?['body/value']",
                  "actions": {
                    "Check_Question_Type": {
                      "actions": {
                        "Get_Options": {
                          "runAfter": {},
                          "metadata": {
                            "operationMetadataId": "cc87fb63-383e-4e1e-b5e8-0ba3703c2886"
                          },
                          "type": "OpenApiConnection",
                          "inputs": {
                            "host": {
                              "connectionName": "shared_commondataserviceforapps",
                              "operationId": "ListRecords",
                              "apiId": "/providers/Microsoft.PowerApps/apis/shared_commondataserviceforapps"
                            },
                            "parameters": {
                              "entityName": "xix_questionoptions",
                              "$filter": "(_xix_question_value eq @{items('Apply_to_each_Question')?['xix_questionid']})"
                            },
                            "authentication": "@parameters('$authentication')"
                          }
                        },
                        "Check_if_we_have_Options": {
                          "actions": {
                            "Apply_to_each_Option": {
                              "foreach": "@outputs('Get_Options')?['body/value']",
                              "actions": {
                                "Create_Option": {
                                  "runAfter": {},
                                  "metadata": {
                                    "operationMetadataId": "db36718b-b173-4e63-86a0-7e4a61a3652a"
                                  },
                                  "type": "OpenApiConnection",
                                  "inputs": {
                                    "host": {
                                      "connectionName": "shared_commondataserviceforapps",
                                      "operationId": "CreateRecord",
                                      "apiId": "/providers/Microsoft.PowerApps/apis/shared_commondataserviceforapps"
                                    },
                                    "parameters": {
                                      "entityName": "xix_questionoptions",
                                      "item/xix_questionoptiontitle": "@items('Apply_to_each_Option')?['xix_questionoptiontitle']",
                                      "item/xix_optionlabel": "@items('Apply_to_each_Option')?['xix_optionlabel']",
                                      "item/xix_OptionTemplate@odata.bind": "xix_questionoptions(@{items('Apply_to_each_Option')?['xix_questionoptionid']})",
                                      "item/xix_optionvalue": "@items('Apply_to_each_Option')?['xix_optionvalue']",
                                      "item/xix_order": "@items('Apply_to_each_Option')?['xix_order']",
                                      "item/xix_Question@odata.bind": "xix_questions(@{outputs('Create_Question')?['body/xix_questionid']})",
                                      "item/xix_selected": false
                                    },
                                    "authentication": "@parameters('$authentication')"
                                  }
                                }
                              },
                              "runAfter": {
                                "Create_Question": [
                                  "Succeeded"
                                ]
                              },
                              "metadata": {
                                "operationMetadataId": "274dd97b-1e2a-4642-b30c-7cdd70593ce7"
                              },
                              "type": "Foreach"
                            },
                            "Create_Question": {
                              "runAfter": {},
                              "metadata": {
                                "operationMetadataId": "3a957562-7759-4ecd-8180-38fb1d082e79"
                              },
                              "type": "OpenApiConnection",
                              "inputs": {
                                "host": {
                                  "connectionName": "shared_commondataserviceforapps",
                                  "operationId": "CreateRecord",
                                  "apiId": "/providers/Microsoft.PowerApps/apis/shared_commondataserviceforapps"
                                },
                                "parameters": {
                                  "entityName": "xix_questions",
                                  "item/xix_questiontitle": "@items('Apply_to_each_Question')?['xix_questiontitle']",
                                  "item/xix_questiontype": "@items('Apply_to_each_Question')?['xix_questiontype']",
                                  "item/xix_allowmultiselect": "@items('Apply_to_each_Question')?['xix_allowmultiselect']",
                                  "item/xix_ChecklistSection@odata.bind": "xix_checklistsections(@{triggerOutputs()?['body/xix_checklistsectionid']})",
                                  "item/xix_questionadditionaltext": "@items('Apply_to_each_Question')?['xix_questionadditionaltext']",
                                  "item/xix_questionhinttext": "@items('Apply_to_each_Question')?['xix_questionhinttext']",
                                  "item/xix_QuestionTemplate@odata.bind": "xix_questions(@{items('Apply_to_each_Question')?['xix_questionid']})",
                                  "item/xix_requiredquestion": "@items('Apply_to_each_Question')?['xix_requiredquestion']",
                                  "item/xix_sortorder": "@items('Apply_to_each_Question')?['xix_sortorder']"
                                },
                                "authentication": "@parameters('$authentication')"
                              }
                            }
                          },
                          "runAfter": {
                            "Get_Options": [
                              "Succeeded"
                            ]
                          },
                          "expression": {
                            "greater": [
                              "@length(outputs('Get_Options')?['body/value'])",
                              0
                            ]
                          },
                          "metadata": {
                            "operationMetadataId": "fb60117e-c57b-4e98-add6-6487bcd0e3e1"
                          },
                          "type": "If"
                        }
                      },
                      "runAfter": {},
                      "else": {
                        "actions": {
                          "Create_Text_Question": {
                            "runAfter": {},
                            "metadata": {
                              "operationMetadataId": "484876b7-6ab8-4aa1-a1f9-071ea61f73b4"
                            },
                            "type": "OpenApiConnection",
                            "inputs": {
                              "host": {
                                "connectionName": "shared_commondataserviceforapps",
                                "operationId": "CreateRecord",
                                "apiId": "/providers/Microsoft.PowerApps/apis/shared_commondataserviceforapps"
                              },
                              "parameters": {
                                "entityName": "xix_questions",
                                "item/xix_questiontitle": "@items('Apply_to_each_Question')?['xix_questiontitle']",
                                "item/xix_questiontype": 596810003,
                                "item/xix_ChecklistSection@odata.bind": "xix_checklistsections(@{triggerOutputs()?['body/xix_checklistsectionid']})",
                                "item/xix_questionadditionaltext": "@items('Apply_to_each_Question')?['xix_questionadditionaltext']",
                                "item/xix_questionhinttext": "@items('Apply_to_each_Question')?['xix_questionhinttext']",
                                "item/xix_QuestionTemplate@odata.bind": "xix_questions(@{items('Apply_to_each_Question')?['xix_questionid']})",
                                "item/xix_requiredquestion": "@items('Apply_to_each_Question')?['xix_requiredquestion']",
                                "item/xix_sortorder": "@items('Apply_to_each_Question')?['xix_sortorder']"
                              },
                              "authentication": "@parameters('$authentication')"
                            }
                          }
                        }
                      },
                      "expression": {
                        "not": {
                          "equals": [
                            "@items('Apply_to_each_Question')?['xix_questiontype']",
                            596810003
                          ]
                        }
                      },
                      "metadata": {
                        "operationMetadataId": "0543d4b4-8bb1-44b2-abc2-fc1116d71579"
                      },
                      "type": "If",
                      "description": "596810003 = Text ARea"
                    }
                  },
                  "runAfter": {},
                  "metadata": {
                    "operationMetadataId": "08e91606-e552-4902-bb18-b9ed5066fad1"
                  },
                  "type": "Foreach"
                }
              },
              "runAfter": {
                "Get_Questions": [
                  "Succeeded"
                ]
              },
              "expression": {
                "greater": [
                  "@length(outputs('Get_Questions')?['body/value'])",
                  0
                ]
              },
              "metadata": {
                "operationMetadataId": "058f1b9d-63f1-496d-8325-8475be1fb060"
              },
              "type": "If"
            }
          },
          "runAfter": {},
          "else": {
            "actions": {
              "Terminate": {
                "runAfter": {},
                "metadata": {
                  "operationMetadataId": "8755452d-f181-4f3a-a592-f1b6cecb58a1"
                },
                "type": "Terminate",
                "inputs": {
                  "runStatus": "Succeeded"
                },
                "description": "Nothing to do"
              }
            }
          },
          "expression": {
            "not": {
              "equals": [
                "@triggerOutputs()?['body/_xix_sectionteamplate_value']",
                "@null"
              ]
            }
          },
          "metadata": {
            "operationMetadataId": "124f901e-647c-42d9-a7f0-58c6e78aa250"
          },
          "type": "If"
        }
      }
    }
  },
  "schemaVersion": "1.0.0.0"
}